g_name,g_label,K,A_K,viewport_area
power_alpha_0.5,|y|^{1/2},2,0.28,16.0
power_alpha_0.5,|y|^{1/2},3,0.12,16.0
power_alpha_0.5,|y|^{1/2},5,0.04,16.0
power_alpha_0.5,|y|^{1/2},7,0.04,16.0
power_alpha_0.5,|y|^{1/2},10,0.0,16.0
power_alpha_0.5,|y|^{1/2},15,0.0,16.0
power_alpha_0.5,|y|^{1/2},20,0.0,16.0
power_alpha_0.5,|y|^{1/2},30,0.0,16.0
power_alpha_0.5,|y|^{1/2},50,0.0,16.0
power_alpha_0.5,|y|^{1/2},70,0.0,16.0
power_alpha_0.5,|y|^{1/2},100,0.0,16.0
power_alpha_0.5,|y|^{1/2},150,0.0,16.0
power_alpha_0.5,|y|^{1/2},200,0.0,16.0
power_alpha_0.5,|y|^{1/2},300,0.0,16.0
power_alpha_0.5,|y|^{1/2},500,0.0,16.0
power_alpha_0.5,|y|^{1/2},700,0.0,16.0
power_alpha_0.5,|y|^{1/2},1000,0.0,16.0
power_alpha_0.5,|y|^{1/2},1500,0.0,16.0
power_alpha_0.5,|y|^{1/2},2000,0.0,16.0
power_alpha_0.5,|y|^{1/2},3000,0.0,16.0
power_alpha_0.5,|y|^{1/2},5000,0.0,10.985605433061174
power_alpha_0.5,|y|^{1/2},7000,0.0,8.39308396773137
power_alpha_0.5,|y|^{1/2},10000,0.0,6.309573444801931
power_alpha_0.75,|y|^{3/4},2,0.64,16.0
power_alpha_0.75,|y|^{3/4},3,0.36,16.0
power_alpha_0.75,|y|^{3/4},5,0.2,16.0
power_alpha_0.75,|y|^{3/4},7,0.12,16.0
power_alpha_0.75,|y|^{3/4},10,0.08,16.0
power_alpha_0.75,|y|^{3/4},15,0.04,16.0
power_alpha_0.75,|y|^{3/4},20,0.04,16.0
power_alpha_0.75,|y|^{3/4},30,0.0,16.0
power_alpha_0.75,|y|^{3/4},50,0.0,16.0
power_alpha_0.75,|y|^{3/4},70,0.0,16.0
power_alpha_0.75,|y|^{3/4},100,0.0,16.0
power_alpha_0.75,|y|^{3/4},150,0.0,16.0
power_alpha_0.75,|y|^{3/4},200,0.0,16.0
power_alpha_0.75,|y|^{3/4},300,0.0,16.0
power_alpha_0.75,|y|^{3/4},500,0.0,16.0
power_alpha_0.75,|y|^{3/4},700,0.0,16.0
power_alpha_0.75,|y|^{3/4},1000,0.0,16.0
power_alpha_0.75,|y|^{3/4},1500,0.0,16.0
power_alpha_0.75,|y|^{3/4},2000,0.0,16.0
power_alpha_0.75,|y|^{3/4},3000,0.0,16.0
power_alpha_0.75,|y|^{3/4},5000,0.0,10.985605433061174
power_alpha_0.75,|y|^{3/4},7000,0.0,8.39308396773137
power_alpha_0.75,|y|^{3/4},10000,0.0,6.309573444801931
power_alpha_1.0,|y|^1,2,1.0,16.0
power_alpha_1.0,|y|^1,3,0.68,16.0
power_alpha_1.0,|y|^1,5,0.4,16.0
power_alpha_1.0,|y|^1,7,0.28,16.0
power_alpha_1.0,|y|^1,10,0.2,16.0
power_alpha_1.0,|y|^1,15,0.12,16.0
power_alpha_1.0,|y|^1,20,0.08,16.0
power_alpha_1.0,|y|^1,30,0.08,16.0
power_alpha_1.0,|y|^1,50,0.04,16.0
power_alpha_1.0,|y|^1,70,0.04,16.0
power_alpha_1.0,|y|^1,100,0.0,16.0
power_alpha_1.0,|y|^1,150,0.0,16.0
power_alpha_1.0,|y|^1,200,0.0,16.0
power_alpha_1.0,|y|^1,300,0.0,16.0
power_alpha_1.0,|y|^1,500,0.0,16.0
power_alpha_1.0,|y|^1,700,0.0,16.0
power_alpha_1.0,|y|^1,1000,0.0,16.0
power_alpha_1.0,|y|^1,1500,0.0,16.0
power_alpha_1.0,|y|^1,2000,0.0,16.0
power_alpha_1.0,|y|^1,3000,0.0,16.0
power_alpha_1.0,|y|^1,5000,0.0,10.985605433061174
power_alpha_1.0,|y|^1,7000,0.0,8.39308396773137
power_alpha_1.0,|y|^1,10000,0.0,6.309573444801931
power_alpha_2.0,|y|^2,2,2.16,16.0
power_alpha_2.0,|y|^2,3,1.76,16.0
power_alpha_2.0,|y|^2,5,1.36,16.0
power_alpha_2.0,|y|^2,7,1.16,16.0
power_alpha_2.0,|y|^2,10,0.96,16.0
power_alpha_2.0,|y|^2,15,0.8,16.0
power_alpha_2.0,|y|^2,20,0.68,16.0
power_alpha_2.0,|y|^2,30,0.56,16.0
power_alpha_2.0,|y|^2,50,0.44,16.0
power_alpha_2.0,|y|^2,70,0.36,16.0
power_alpha_2.0,|y|^2,100,0.32,16.0
power_alpha_2.0,|y|^2,150,0.24,16.0
power_alpha_2.0,|y|^2,200,0.2,16.0
power_alpha_2.0,|y|^2,300,0.16,16.0
power_alpha_2.0,|y|^2,500,0.12,16.0
power_alpha_2.0,|y|^2,700,0.12,16.0
power_alpha_2.0,|y|^2,1000,0.08,16.0
power_alpha_2.0,|y|^2,1500,0.08,16.0
power_alpha_2.0,|y|^2,2000,0.08,16.0
power_alpha_2.0,|y|^2,3000,0.04,16.0
power_alpha_2.0,|y|^2,5000,0.027464013582652935,10.985605433061174
power_alpha_2.0,|y|^2,7000,0.020982709919328425,8.39308396773137
power_alpha_2.0,|y|^2,10000,0.015773933612004826,6.309573444801931
exp_neg_abs,exp(-|y|),2,15.8849,16.0
exp_neg_abs,exp(-|y|),3,15.8193,16.0
exp_neg_abs,exp(-|y|),5,15.7077,16.0
exp_neg_abs,exp(-|y|),7,15.6303,16.0
exp_neg_abs,exp(-|y|),10,15.3936,16.0
exp_neg_abs,exp(-|y|),15,15.0958,16.0
exp_neg_abs,exp(-|y|),20,14.782,16.0
exp_neg_abs,exp(-|y|),30,9.934062500000001,11.111111111111112
exp_neg_abs,exp(-|y|),50,3.448675,4.0
exp_neg_abs,exp(-|y|),70,1.7219196428571428,2.0408163265306123
exp_neg_abs,exp(-|y|),100,0.8237125,1.0
exp_neg_abs,exp(-|y|),150,0.35433333333333333,0.4444444444444444
exp_neg_abs,exp(-|y|),200,0.1863609375,0.25
exp_neg_abs,exp(-|y|),300,0.07505138888888888,0.1111111111111111
exp_neg_abs,exp(-|y|),500,0.024309500000000005,0.04000000000000001
exp_neg_abs,exp(-|y|),700,0.011694132653061224,0.02040816326530612
exp_neg_abs,exp(-|y|),1000,0.005434875000000001,0.010000000000000002
exp_neg_abs,exp(-|y|),1500,0.002288,0.0044444444444444444
exp_neg_abs,exp(-|y|),2000,0.0012434531250000002,0.0025000000000000005
exp_neg_abs,exp(-|y|),3000,0.0005271319444444444,0.0011111111111111111
exp_neg_abs,exp(-|y|),5000,0.00017971,0.0004
exp_neg_abs,exp(-|y|),7000,8.859821428571428e-05,0.0002040816326530612
exp_neg_abs,exp(-|y|),10000,4.182375e-05,0.0001
tanh_abs,tanh(|y|),2,1.04,16.0
tanh_abs,tanh(|y|),3,0.68,16.0
tanh_abs,tanh(|y|),5,0.4,16.0
tanh_abs,tanh(|y|),7,0.28,16.0
tanh_abs,tanh(|y|),10,0.2,16.0
tanh_abs,tanh(|y|),15,0.12,16.0
tanh_abs,tanh(|y|),20,0.08,16.0
tanh_abs,tanh(|y|),30,0.08,16.0
tanh_abs,tanh(|y|),50,0.04,16.0
tanh_abs,tanh(|y|),70,0.04,16.0
tanh_abs,tanh(|y|),100,0.0,16.0
tanh_abs,tanh(|y|),150,0.0,16.0
tanh_abs,tanh(|y|),200,0.0,16.0
tanh_abs,tanh(|y|),300,0.0,16.0
tanh_abs,tanh(|y|),500,0.0,16.0
tanh_abs,tanh(|y|),700,0.0,16.0
tanh_abs,tanh(|y|),1000,0.0,16.0
tanh_abs,tanh(|y|),1500,0.0,16.0
tanh_abs,tanh(|y|),2000,0.0,16.0
tanh_abs,tanh(|y|),3000,0.0,16.0
tanh_abs,tanh(|y|),5000,0.0,10.985605433061174
tanh_abs,tanh(|y|),7000,0.0,8.39308396773137
tanh_abs,tanh(|y|),10000,0.0,6.309573444801931
sigmoid_abs,sigmoid(|y|),2,0.0,16.0
sigmoid_abs,sigmoid(|y|),3,0.0,16.0
sigmoid_abs,sigmoid(|y|),5,0.0,16.0
sigmoid_abs,sigmoid(|y|),7,0.0,16.0
sigmoid_abs,sigmoid(|y|),10,0.0,16.0
sigmoid_abs,sigmoid(|y|),15,0.0,16.0
sigmoid_abs,sigmoid(|y|),20,0.0,16.0
sigmoid_abs,sigmoid(|y|),30,0.0,16.0
sigmoid_abs,sigmoid(|y|),50,0.0,16.0
sigmoid_abs,sigmoid(|y|),70,0.0,8.16326530612245
sigmoid_abs,sigmoid(|y|),100,0.0,4.0
sigmoid_abs,sigmoid(|y|),150,0.0,1.7777777777777777
sigmoid_abs,sigmoid(|y|),200,0.0,1.0
sigmoid_abs,sigmoid(|y|),300,0.0,0.4444444444444444
sigmoid_abs,sigmoid(|y|),500,0.0,0.16000000000000003
sigmoid_abs,sigmoid(|y|),700,0.0,0.08163265306122448
sigmoid_abs,sigmoid(|y|),1000,0.0,0.04000000000000001
sigmoid_abs,sigmoid(|y|),1500,0.0,0.017777777777777778
sigmoid_abs,sigmoid(|y|),2000,0.0,0.010000000000000002
sigmoid_abs,sigmoid(|y|),3000,0.0,0.0044444444444444444
sigmoid_abs,sigmoid(|y|),5000,0.0,0.0016
sigmoid_abs,sigmoid(|y|),7000,0.0,0.0008163265306122448
sigmoid_abs,sigmoid(|y|),10000,0.0,0.0004
